date,run_at,base_url,result,earned_points,total_points,total_points_status,message
2026-03-28,2026-03-28T06:09:05+00:00,https://glados.one,success,8,,not_requested,Checkin! Got 8 Points
2026-03-29,2026-03-29T06:17:16+00:00,https://glados.one,success,5,,not_requested,Checkin! Got 5 Points
2026-03-30,2026-03-30T06:59:38+00:00,https://glados.one,repeat,0,,not_requested,Today's observation logged. Return tomorrow for more points.
2026-03-31,2026-03-31T06:22:10+00:00,https://glados.one,repeat,0,,not_requested,Today's observation logged. Return tomorrow for more points.
2026-04-01,2026-04-01T06:53:32+00:00,https://glados.one,success,15,,not_requested,Checkin! Got 15 Points
2026-04-01,2026-04-01T12:43:36+00:00,https://glados.one,repeat,0,,not_requested,Today's observation logged. Return tomorrow for more points.
2026-04-02,2026-04-02T06:18:36+00:00,https://glados.one,repeat,0,,not_requested,Today's observation logged. Return tomorrow for more points.
2026-04-03,2026-04-03T06:18:40+00:00,https://glados.one,success,9,,not_requested,Checkin! Got 9 Points
2026-04-04,2026-04-04T06:11:12+00:00,https://glados.one,success,6,,not_requested,Checkin! Got 6 Points
2026-04-05,2026-04-05T06:20:03+00:00,https://glados.one,repeat,0,,not_requested,Today's observation logged. Return tomorrow for more points.
2026-04-06,2026-04-06T07:01:36+00:00,https://glados.one,success,10,,not_requested,Checkin! Got 10 Points
2026-04-07,2026-04-07T06:45:49+00:00,https://glados.one,success,12,,not_requested,Checkin! Got 12 Points
2026-04-08,2026-04-08T06:49:39+00:00,https://glados.one,success,11,,not_requested,Checkin! Got 11 Points
2026-04-09,2026-04-09T06:49:35+00:00,https://glados.one,success,9,,not_requested,Checkin! Got 9 Points
2026-04-10,2026-04-10T07:00:08+00:00,https://glados.one,success,7,,not_requested,Checkin! Got 7 Points
2026-04-11,2026-04-11T06:12:06+00:00,https://glados.one,success,9,,not_requested,Checkin! Got 9 Points
2026-04-12,2026-04-12T06:47:29+00:00,https://glados.one,success,12,,not_requested,Checkin! Got 12 Points
2026-04-13,2026-04-13T07:22:31+00:00,https://glados.one,success,12,,not_requested,Checkin! Got 12 Points
2026-04-14,2026-04-14T07:00:12+00:00,https://glados.one,success,11,,not_requested,Checkin! Got 11 Points
2026-04-15,2026-04-15T07:01:33+00:00,https://glados.one,success,9,,not_requested,Checkin! Got 9 Points
2026-04-16,2026-04-16T07:02:32+00:00,https://glados.one,success,12,,not_requested,Checkin! Got 12 Points
